"District","School","Avg Score","English","Math","Reading","Science"
"Kettle Moraine","High School of Health Sciences","24.90","25.50","24.00","25.10","25.00"
"Elmbrook","Brookfield Central High","23.90","23.40","23.80","24.40","23.50"
"Cedarburg","Cedarburg High","23.90","23.70","23.10","24.40","23.80"
"Madison Metropolitan","West High","23.80","23.50","22.30","25.10","23.60"
"Waukesha","Waukesha Engineering Preparatory Academy","23.80","22.60","23.70","23.70","24.60"
"Appleton Area","Tesla Engineering Charter School","23.70","21.50","23.90","24.60","24.30"
"Shorewood","Shorewood High","23.60","23.10","22.80","24.70","23.40"
"Appleton Area","Renaissance School","23.40","23.70","21.00","26.00","22.70"
"South Shore","South Shore Jr/Sr High","23.40","22.90","24.50","23.60","21.80"
"Whitefish Bay","Whitefish Bay High","23.40","22.60","23.50","23.90","23.10"
"New Berlin","Eisenhower Middle/High","23.30","22.80","23.60","23.30","23.10"
"Elmbrook","Brookfield East High","23.30","22.40","23.40","23.50","23.30"
"Kenosha","Lakeview Technology Academy","23.30","22.40","22.60","24.30","23.00"
"Arrowhead UHS","Arrowhead High","23.20","21.50","23.90","23.10","23.60"
"Kettle Moraine","Kettle Moraine Global School for Global Leadership and Innovation","23.10","24.10","21.90","23.10","22.90"
"Middleton-Cross Plains Area","Middleton High","23.00","22.50","22.50","23.60","23.00"
"Mequon-Thiensville","Homestead High","23.00","22.80","22.30","23.80","22.70"
"Viroqua Area","Laurel High","23.00","24.30","20.80","23.70","22.00"
"Waunakee Community","Waunakee High","22.80","21.50","22.50","23.60","23.20"
"Pewaukee","Pewaukee High","22.80","22.50","22.10","22.90","23.20"
"Muskego-Norway","Muskego High","22.30","21.70","22.20","22.70","22.20"
"Hayward Community","Hayward Ctr for Individualized Learning","22.30","22.60","20.80","23.20","21.60"
"Wauwatosa","East High","22.20","21.40","21.90","22.90","22.20"
"Elkhart Lake-Glenbeulah","Elkhart Lake High","22.20","21.80","22.30","22.50","21.90"
"Milwaukee","Reagan College Preparatory High","22.10","22.50","20.70","22.80","22.10"
"Kettle Moraine","Kettle Moraine High","22.00","21.30","22.00","22.20","22.20"
"Franklin Public","Franklin High","22.00","22.00","21.20","22.10","22.40"
"D C Everest Area","D C Everest Idea School","22.00","21.00","19.50","24.70","22.50"
"Madison Metropolitan","Memorial High","22.00","21.20","21.40","22.70","22.10"
"Hamilton","Hamilton High","21.90","20.70","22.30","22.00","22.10"
"Eau Claire Area","Memorial High","21.90","20.40","22.10","22.20","22.20"
"Kohler","Kohler High","21.80","20.50","22.00","22.30","22.10"
"Little Chute Area","Little Chute Career Pathways Academy","21.80","20.80","21.10","21.70","23.10"
"Slinger","Slinger High","21.70","20.30","22.20","21.70","21.90"
"Grafton","Grafton High","21.60","21.20","21.60","21.50","21.70"
"Appleton Area","Appleton eSchool","21.60","22.10","20.30","22.30","21.00"
"Hudson","Hudson High","21.60","20.10","21.50","22.20","21.80"
"Gibraltar Area","Gibraltar High","21.50","20.60","20.80","21.90","22.10"
"Nicolet Union High School","Nicolet High","21.50","21.40","20.90","21.90","21.30"
"West De Pere","West De Pere High","21.50","20.70","21.60","21.40","21.90"
"Williams Bay","Williams Bay High","21.50","21.60","21.20","21.80","20.80"
"Middleton-Cross Plains Area","Clark Street Community School","21.40","21.40","18.00","24.20","21.10"
"Racine Unified","Walden III High","21.40","21.00","20.20","22.10","21.80"
"Kettle Moraine","School for Arts and Performance","21.40","22.40","19.60","22.00","20.90"
"Fall Creek","Fall Creek High","21.30","20.20","21.30","21.10","20.30"
"Madison Metropolitan","Shabazz-City High","21.20","19.50","18.30","24.60","21.60"
"New Berlin","New Berlin West Middle/High","21.20","20.30","21.50","21.20","21.20"
"Mineral Point Unified","Mineral Point High","21.10","21.40","20.40","21.60","20.70"
"Lodi","Lodi High","21.10","19.90","21.30","21.50","21.30"
"Germantown","Germantown High","21.10","19.40","21.70","21.60","21.00"
"Wrightstown Community","Wrightstown High","21.10","20.00","21.80","20.50","21.50"
"Neenah Joint","Neenah High","21.00","20.20","20.50","21.30","21.50"
"Sun Prairie Area","Sun Prairie High","21.00","20.10","20.00","21.70","21.70"
"De Pere","De Pere High","21.00","20.30","20.60","21.10","21.30"
"Oostburg","Oostburg High","21.00","20.70","20.80","19.70","22.10"
"Elkhorn Area","Elkhorn Area High","20.80","19.90","20.60","20.70","21.60"
"Monona Grove","Monona Grove High","20.80","19.90","19.80","21.70","21.40"
"Saint Croix Central","Saint Croix Central High","20.80","19.80","20.10","21.50","21.40"
"Oconomowoc Area","Oconomowoc High","20.80","19.50","21.10","21.10","20.90"
"Mount Horeb Area","Mount Horeb High","20.70","19.30","20.50","21.50","21.10"
"Oregon","Oregon High","20.70","19.10","20.40","21.40","21.40"
"Wisconsin Heights","Wisconsin Heights High","20.70","20.00","20.50","21.20","20.70"
"Highland","Highland Community High","20.70","18.80","21.60","21.20","20.90"
"Marshfield Unified","Marshfield High","20.70","19.40","20.10","21.10","21.70"
"Eau Claire Area","Eau Claire Virtual School","20.70","20.00","19.80","22.10","20.90"
"Mosinee","Mosinee High","20.70","19.90","20.50","20.60","21.10"
"Menomonee Falls","Menomonee Falls High","20.60","19.70","21.00","20.50","20.90"
"Waukesha","Waukesha Academy of Health Professions","20.60","20.00","19.50","20.70","21.60"
"Marathon City","Marathon High","20.60","20.20","20.00","21.40","20.40"
"Pardeeville Area","Pardeeville High","20.60","21.00","19.80","20.60","20.40"
"Baldwin-Woodville Area","Baldwin-Woodville High","20.60","20.20","20.10","20.30","21.20"
"Northwood","Northwood High/Middle","20.50","20.00","20.10","20.90","20.80"
"Waterford UHS","Waterford High","20.50","18.90","20.60","21.10","20.80"
"Greendale","Greendale High","20.50","19.30","20.20","20.90","20.90"
"Appleton Area","Valley New School","20.50","20.80","17.90","23.80","19.10"
"River Valley","River Valley High","20.40","19.70","19.70","20.90","20.90"
"Winneconne Community","Winneconne High","20.40","19.00","20.90","20.50","20.80"
"Cameron","Cameron High","20.40","19.60","20.10","21.20","20.50"
"Greenwood","Greenwood High","20.40","19.30","19.30","20.70","21.60"
"McFarland","McFarland High","20.40","18.40","20.20","21.20","21.20"
"Port Washington-Saukville","Port Washington High","20.40","19.50","20.00","20.80","20.60"
"Green Lake","Green Lake High","20.40","19.70","19.10","21.30","20.60"
"Cameron","Cameron Academy of Virtual Education","20.40","19.80","18.50","22.60","20.00"
"Random Lake","Random Lake High","20.40","20.00","20.10","19.80","21.40"
"New Glarus","New Glarus High","20.30","19.10","20.10","20.80","20.60"
"Mukwonago","Mukwonago High","20.30","19.00","20.60","20.50","20.80"
"Prescott","Prescott High","20.30","19.50","20.20","20.20","20.50"
"Waukesha","West High","20.30","19.40","19.80","20.60","20.70"
"Rio Community","Rio Middle/High","20.30","19.70","19.70","20.40","20.70"
"Deerfield Community","Deerfield High","20.20","19.70","18.70","21.70","20.40"
"Cedar Grove-Belgium Area","Cedar Grove-Belgium High","20.20","19.90","19.90","20.10","20.40"
"River Falls","River Falls High","20.20","19.10","19.70","20.90","20.50"
"Onalaska","Onalaska High","20.20","19.10","20.40","20.30","20.50"
"West Salem","West Salem High","20.20","19.80","19.60","20.10","20.40"
"Altoona","Altoona High","20.20","18.90","20.20","20.40","20.50"
"Central/Westosha UHS","Central High","20.10","19.40","20.20","20.10","20.20"
"Sheboygan Area","Etude High","20.10","19.80","19.10","20.20","20.90"
"Menomonie Area","Menomonie High","20.10","18.70","19.80","20.60","20.80"
"Ellsworth Community","Ellsworth High","20.10","18.40","19.70","20.60","21.10"
"Reedsville","Reedsville Jr/Sr High School","20.10","19.00","21.00","19.40","20.30"
"Hortonville Area","Hortonville High","20.10","19.30","19.30","20.40","20.70"
"Oak Creek-Franklin Joint","Oak Creek High","20.10","18.90","20.30","20.20","20.40"
"Ripon Area","Odyssey Academy of Virtual Learning","20.10","19.90","17.80","21.80","20.10"
"Pulaski Community","Pulaski High","20.10","18.30","21.10","19.80","20.60"
"Sevastopol","Sevastopol High","20.10","19.40","21.00","19.00","20.30"
"Three Lakes","Three Lakes High","20.10","19.30","19.80","19.70","21.20"
"Oshkosh Area","West High","20.10","18.70","20.50","20.20","20.40"
"Stoughton Area","Stoughton High","20.00","18.30","19.60","21.20","20.40"
"Oconto Falls Public","Oconto Falls High","20.00","18.70","20.20","19.80","20.20"
"Solon Springs","Solon Springs School","20.00","17.90","21.00","20.10","20.20"
"Maple","Northwestern High","20.00","18.40","20.10","20.10","20.80"
"Kimberly Area","Kimberly High","20.00","18.50","20.60","19.80","20.50"
"Saint Croix Falls","Saint Croix Falls High","20.00","18.90","19.70","20.30","20.60"
"Valders Area","Valders High","20.00","18.70","20.10","20.00","20.70"
"Eau Claire Area","North High","19.90","18.30","20.20","20.00","20.60"
"De Forest Area","De Forest High","19.90","18.60","19.50","20.40","20.40"
"Waupaca","Waupaca High","19.90","19.20","19.60","20.40","20.10"
"Howard-Suamico","Bay Port High","19.90","18.30","20.50","20.00","20.30"
"Kewaskum","Kewaskum High","19.90","19.30","19.70","19.70","20.20"
"Parkview","Parkview High","19.90","19.10","20.20","20.20","19.90"
"Crivitz","Crivitz High","19.90","18.70","20.80","19.90","19.70"
"Hurley","Hurley High","19.90","19.00","19.20","21.40","19.60"
"Ripon Area","Ripon High","19.90","19.00","19.70","19.80","20.50"
"Wilmot UHS","Wilmot High","19.90","19.10","19.30","20.20","20.80"
"Merrill Area","Bridges Virtual Academy","19.90","20.10","18.40","20.80","19.80"
"Burlington Area","Burlington High","19.90","18.80","19.80","20.20","20.30"
"Poynette","Poynette High","19.90","18.50","19.90","19.80","20.60"
"Northland Pines","School of Options & Applied Research High","19.80","18.80","19.50","21.50","19.70"
"Stratford","Stratford High","19.80","18.50","19.60","20.20","20.60"
"Howards Grove","Howards Grove High","19.80","18.90","20.30","19.40","20.30"
"Whitewater Unified","JEDI Virtual K-12 - Jefferson and Eastern Dane County Interactive","19.80","19.30","19.00","21.10","19.60"
"Belleville","Belleville High","19.80","19.60","19.50","19.50","20.00"
"Freedom Area","Freedom High","19.80","18.40","19.90","19.90","20.40"
"Madison Metropolitan","East High","19.80","18.90","19.30","20.50","19.80"
"Iola-Scandinavia","Iola-Scandinavia High","19.80","19.00","19.60","19.70","20.30"
"Brillion","Brillion High","19.70","18.40","20.80","19.00","20.30"
"Cuba City","Cuba City High","19.70","18.80","20.00","19.00","20.60"
"Glenwood City","Glenwood City High","19.70","19.00","19.40","19.70","20.70"
"Barneveld","Barneveld High","19.70","20.00","19.00","19.50","20.20"
"Appleton Area","North High","19.70","18.20","19.50","20.30","20.10"
"Osceola","Osceola High","19.70","18.10","20.90","19.20","20.20"
"Ashwaubenon","Ashwaubenon High","19.70","17.90","20.60","19.50","20.30"
"Sauk Prairie","Sauk Prairie High","19.70","18.70","19.20","20.20","20.20"
"Union Grove UHS","Union Grove High","19.70","18.40","19.80","20.10","19.90"
"Luxemburg-Casco","Luxemburg-Casco High","19.70","18.70","20.10","19.60","19.90"
"Beloit Turner","Turner High","19.70","19.10","19.30","19.80","20.10"
"West Bend","East High","19.70","17.70","19.80","20.20","20.30"
"Evansville Community","Evansville High","19.60","18.90","19.00","19.90","20.30"
"East Troy Community","East Troy High","19.60","19.10","19.60","19.30","20.00"
"West Bend","West High","19.60","17.80","19.70","19.90","20.60"
"Wauwatosa","West High","19.60","18.40","19.40","20.00","20.10"
"Washburn","Washburn High","19.60","18.90","18.90","20.40","19.60"
"Drummond Area","Drummond High","19.60","16.90","20.50","19.60","20.80"
"Luck","Luck High","19.60","18.80","18.70","20.60","19.90"
"Sturgeon Bay","Sturgeon Bay High","19.50","17.80","20.40","20.00","19.40"
"Wausau","West High","19.50","17.60","19.90","20.00","20.10"
"Milwaukee","King International","19.50","19.30","17.70","20.80","19.70"
"Fond du Lac","Fond du Lac High","19.50","17.90","19.50","19.00","19.40"
"Wausau","Wausau Area Virtual Education","19.50","17.40","18.20","20.10","21.80"
"Lake Mills Area","Lake Mills High","19.50","17.90","20.00","19.60","20.10"
"Platteville","Platteville High","19.50","18.30","19.80","18.80","20.60"
"Dodgeville","Dodgeville High","19.50","17.90","19.10","20.10","20.30"
"Campbellsport","Campbellsport High","19.50","19.60","19.30","19.10","19.40"
"Lakeland UHS","Lakeland High","19.40","18.40","19.90","19.50","19.60"
"Mishicot","Mishicot High","19.40","18.40","20.10","18.60","19.90"
"Wild Rose","Wild Rose High","19.40","18.80","18.60","19.50","20.30"
"Oconto Unified","Oconto High","19.40","18.20","19.50","19.30","19.90"
"Reedsburg","Reedsburg Area High","19.40","18.10","19.80","19.30","20.00"
"Cambridge","Cambridge High","19.40","17.90","18.60","20.50","19.70"
"Verona Area","Verona Area High","19.40","18.50","19.10","19.90","19.50"
"Prairie du Chien Area","Prairie du Chien High","19.30","18.50","19.30","19.00","20.10"
"La Crosse","Central High","19.30","17.90","18.90","20.40","19.70"
"Kewaunee","Kewaunee High","19.30","17.40","20.90","18.60","20.00"
"Columbus","Columbus High","19.30","17.70","18.80","19.80","20.40"
"Potosi","Potosi High","19.30","18.40","18.40","20.00","19.90"
"Westfield","Westfield Area High","19.30","19.50","19.20","18.80","19.30"
"Waukesha","eAchieve Academy - Wisconsin","19.30","18.30","18.20","20.40","19.80"
"Wisconsin Rapids","Lincoln High","19.30","18.30","19.00","19.70","19.80"
"Northland Pines","Northland Pines High","19.30","17.60","19.20","19.90","20.20"
"New London","New London High","19.30","18.00","20.30","18.90","19.30"
"Seneca Area","Seneca High","19.30","17.80","18.60","20.80","19.30"
"New Richmond","New Richmond High","19.20","18.10","19.60","19.50","19.20"
"Bonduel","Bonduel High","19.20","18.70","18.00","19.20","20.30"
"Cadott Community","Cadott High","19.20","18.10","18.90","19.60","19.90"
"Hustisford","Hustisford High","19.20","18.10","19.20","19.40","19.60"
"Somerset","Somerset High","19.20","18.40","18.60","19.70","19.80"
"Athens","Athens High","19.20","18.20","19.30","18.90","19.90"
"Holmen","Holmen High","19.20","17.90","18.80","19.40","20.10"
"Rhinelander","Rhinelander High","19.20","18.00","18.30","20.00","19.70"
"Fort Atkinson","Fort Atkinson High","19.10","18.10","18.80","19.50","19.80"
"Stevens Point Area Public","Stevens Point Area Senior High","19.10","17.40","19.40","19.60","19.70"
"Markesan","Markesan High","19.10","18.00","19.50","18.90","19.70"
"Cashton","Cashton Middle/High","19.10","18.50","18.70","18.90","19.70"
"Fennimore Community","Fennimore High","19.10","17.80","19.80","18.70","19.60"
"Grantsburg","Grantsburg High","19.10","18.30","19.60","18.80","19.60"
"Hayward Community","Hayward High","19.10","17.90","19.50","19.00","19.40"
"Lake Geneva-Genoa City UHS","Badger High","19.10","18.10","19.10","19.40","19.40"
"Cornell","Cornell High","19.10","18.90","19.20","18.90","19.00"
"Baraboo","Baraboo High","19.10","17.40","19.40","19.50","19.50"
"Colfax","Colfax High","19.10","18.00","19.40","19.40","19.00"
"Plymouth Joint","Plymouth High","19.10","17.70","19.00","19.20","20.00"
"Chippewa Falls Area Unified","Chippewa Falls High","19.10","18.20","18.40","19.50","19.60"
"Wittenberg-Birnamwood","Wittenberg-Birnamwood High","19.00","17.30","19.20","19.90","19.30"
"Northern Ozaukee","Ozaukee High","19.00","18.20","18.50","19.30","19.70"
"Monroe","Monroe High","19.00","17.60","18.70","19.20","20.00"
"Durand-Arkansaw","Durand Middle/High","19.00","17.80","19.30","18.50","19.90"
"Phillips","Phillips High","19.00","18.20","18.70","18.80","19.80"
"Mayville","Mayville High","19.00","17.80","18.20","19.30","19.90"
"Argyle","Argyle High","19.00","19.70","18.20","18.90","18.90"
"Alma","Alma High","19.00","17.80","18.70","19.20","19.60"
"Black Hawk","Black Hawk High","18.90","16.80","19.40","18.70","20.60"
"Prairie Farm Public","Prairie Farm High","18.90","17.80","18.50","19.70","19.30"
"La Crosse","La Crosse Polytechnic School","18.90","17.50","17.20","20.90","19.50"
"D C Everest Area","D C Everest High","18.90","17.00","19.10","19.00","19.90"
"Merrill Area","Merrill High","18.90","17.90","18.80","18.70","19.50"
"Pecatonica Area","Pecatonica High","18.90","18.50","18.50","19.20","19.30"
"Portage Community","Portage High","18.90","17.70","18.80","19.20","19.50"
"Augusta","Wildlands Charter School","18.90","18.40","17.70","19.30","20.10"
"Oakfield","Oakfield High","18.90","16.70","18.90","19.30","20.20"
"Southern Door County","Southern Door High","18.90","17.90","18.50","18.80","19.70"
"Cumberland","Cumberland High","18.90","17.00","19.40","18.60","19.80"
"Lancaster Community","Lancaster High","18.90","17.80","19.20","18.20","19.70"
"Lomira","Lomira High","18.90","18.10","19.80","18.00","18.80"
"Monticello","Monticello High","18.90","17.50","18.00","20.40","19.60"
"Mondovi","Mondovi High","18.80","18.50","18.60","18.80","19.00"
"Richland","Richland Center High","18.80","19.30","19.60","19.90","20.10"
"Southwestern Wisconsin","Southwestern Wisconsin High","18.80","17.00","20.00","18.10","19.80"
"Marion","Marion High","18.80","18.00","19.70","18.40","19.00"
"Shullsburg","Shullsburg High","18.80","17.50","19.70","17.20","20.40"
"Galesville-Ettrick-Trempealeau","Galesville-Ettrick-Trempealeau High","18.80","17.20","19.00","19.30","19.40"
"Rice Lake Area","Rice Lake High","18.80","16.80","19.40","19.20","19.40"
"Chilton","Chilton High","18.80","17.40","18.30","19.20","19.50"
"Loyal","Loyal High","18.80","17.90","19.10","18.70","19.00"
"Spooner Area","Spooner High","18.80","18.20","18.10","19.10","18.90"
"Goodman-Armstrong Creek","Goodman High","18.80","18.40","18.30","19.50","18.50"
"Hartford UHS","Hartford High","18.80","17.20","18.90","18.90","19.50"
"Sheboygan Area","George D Warriner High School for Personalized Learning","18.70","17.20","17.70","20.70","19.10"
"Superior","Superior High","18.70","17.60","17.90","19.40","19.50"
"Rib Lake","Rib Lake High","18.70","17.50","18.50","19.00","19.20"
"Tigerton","Tigerton High","18.70","18.40","18.20","18.50","18.70"
"Alma Center","Lincoln Jr/Sr High School","18.70","18.00","17.20","20.40","19.00"
"Whitnall","Whitnall High","18.70","17.20","18.60","19.50","19.10"
"Milwaukee","Golda Meir School","18.70","18.30","17.30","19.60","19.00"
"Kaukauna Area","Kaukauna High","18.70","17.60","18.50","18.70","19.30"
"Milton","Milton High","18.70","17.50","18.30","19.30","19.00"
"Sheboygan Falls","Sheboygan Falls High","18.60","17.10","18.90","18.90","19.30"
"Wauzeka-Steuben","Wauzeka High","18.60","18.40","18.00","17.40","20.20"
"Monona Grove","Monona Grove Liberal Arts Charter School for the 21st Century","18.60","18.80","17.00","20.10","18.20"
"Cambria-Friesland","Cambria Friesland Middle/High","18.60","17.90","16.70","19.40","19.80"
"Coleman","Coleman High","18.60","16.40","19.20","18.50","19.80"
"Elk Mound Area","Elk Mound High","18.60","17.30","19.30","18.30","18.90"
"Tomorrow River","Amherst High","18.60","17.70","18.20","18.70","19.10"
"Big Foot UHS","Big Foot High","18.60","17.20","18.40","19.00","19.20"
"Randolph","Randolph High","18.60","16.70","19.10","18.90","19.60"
"Abbotsford","Abbotsford Middle/Senior High","18.50","17.30","18.60","18.70","19.20"
"Peshtigo","Peshtigo High","18.50","16.50","18.40","19.00","19.90"
"New Holstein","New Holstein High","18.50","17.50","19.40","18.10","18.40"
"Chetek-Weyerhaeuser Area","Chetek-Weyerhaeuser High","18.50","17.20","18.40","18.60","19.20"
"Janesville","Craig High","18.50","17.10","18.30","19.20","19.00"
"Edgerton","Edgerton High","18.50","17.30","18.40","18.70","19.20"
"Waterloo","Waterloo High","18.50","16.90","18.70","18.80","19.20"
"Sheboygan Area","North High","18.50","17.00","18.90","18.70","19.00"
"Wausau","East High","18.50","17.20","18.60","18.50","19.10"
"Watertown Unified","Endeavor Charter School","18.50","16.70","18.50","19.00","19.10"
"Northern Ozaukee","Wisconsin Virtual Learning","18.50","18.00","17.60","20.00","17.80"
"Kenosha","Indian Trail High School and Academy","18.50","17.50","18.10","18.80","19.00"
"Racine Unified","The REAL School-Racine Educational Alternative Learning Experience","18.50","17.60","17.70","19.00","19.10"
"Bloomer","Bloomer High","18.40","17.60","17.80","18.90","19.20"
"Spencer","Spencer Junior High/High","18.40","17.30","18.20","17.80","20.20"
"Florence County","Florence High","18.40","16.70","17.90","19.30","19.50"
"Kickapoo Area","Kickapoo High","18.40","17.70","18.10","18.80","18.40"
"Melrose-Mindoro","Melrose-Mindoro Junior/Senior High","18.40","16.80","18.40","18.20","19.50"
"Juda","Juda High","18.40","17.20","16.90","17.80","21.00"
"Prentice","Prentice High","18.40","17.30","18.10","18.60","19.10"
"Whitewater Unified","Whitewater High","18.40","17.10","18.40","18.70","18.70"
"Turtle Lake","Turtle Lake High","18.30","16.60","19.00","18.10","19.10"
"Butternut","Butternut High","18.30","16.30","16.70","19.30","20.70"
"Weyauwega-Fremont","Weyauwega High","18.30","17.00","18.00","18.70","19.20"
"Hilbert","Hilbert High","18.30","16.50","19.40","17.00","19.90"
"Cassville","Cassville High","18.30","18.10","18.10","18.50","17.90"
"Elcho","Elcho High","18.30","15.70","19.80","18.10","18.90"
"Appleton Area","Fox Cities Leadership Academy","18.30","17.60","17.70","19.30","18.10"
"Spring Valley","Spring Valley High","18.30","16.00","19.80","17.70","19.00"
"Rosendale-Brandon","Laconia High","18.30","16.70","18.60","18.10","19.00"
"Shiocton","Shiocton High","18.20","17.40","18.20","18.00","18.90"
"South Milwaukee","South Milwaukee High","18.20","16.80","18.50","18.50","18.70"
"Amery","Amery High","18.20","17.20","18.20","18.40","18.40"
"Milwaukee","HAPA-Hmong American Peace Academy K3-12","18.20","17.20","18.00","18.20","18.90"
"Viroqua Area","Viroqua High","18.20","16.90","18.50","18.80","18.40"
"Darlington Community","Darlington High","18.20","16.40","18.70","18.00","19.10"
"Belmont Community","Belmont High","18.20","17.20","17.90","18.20","18.90"
"Waukesha","North High","18.20","17.00","18.00","18.60","18.70"
"Wabeno Area","Wabeno High","18.20","17.60","18.50","18.00","18.40"
"Kenosha","Harborside Academy","18.20","17.50","17.70","18.80","18.60"
"Manitowoc","Lincoln High","18.20","16.60","18.20","18.40","19.10"
"Seymour Community","Seymour High","18.20","16.50","18.10","18.60","19.10"
"Johnson Creek","Johnson Creek Public School","18.20","17.50","18.60","18.20","18.10"
"Rosholt","Rosholt High","18.20","17.20","18.10","18.70","18.30"
"Watertown Unified","Watertown High","18.20","16.10","18.90","18.40","18.80"
"Clintonville","Clintonville High","18.10","16.60","18.40","18.50","18.60"
"Bangor","Bangor Middle/High","18.10","16.10","17.90","18.60","19.30"
"Oshkosh Area","North High","18.10","16.50","17.90","18.40","19.20"
"Appleton Area","West High","18.10","16.90","18.00","18.30","18.60"
"Wisconsin Dells","Wisconsin Dells High","18.10","16.50","18.30","18.20","18.80"
"Jefferson","Jefferson High","18.10","16.90","18.00","18.30","18.80"
"Green Bay Area Public","John Dewey Academy of Learning","18.10","15.70","16.30","20.90","18.40"
"Unity","Unity High","18.10","16.80","17.80","18.30","18.80"
"Barron Area","Barron High","18.10","16.20","18.10","18.60","18.90"
"Clear Lake","Clear Lake High","18.10","16.70","17.30","18.90","18.70"
"Pepin Area","Pepin High","18.10","16.20","18.80","18.40","18.40"
"Nekoosa","Nekoosa High","18.00","16.90","18.00","17.70","18.90"
"Cochrane-Fountain City","Cochrane-Fountain City High","18.00","16.50","18.30","18.10","18.60"
"Ithaca","Ithaca High","18.00","16.30","18.80","17.60","18.80"
"Tomahawk","Tomahawk High","18.00","16.00","17.90","18.50","19.10"
"Kiel Area","Kiel High","18.00","16.10","17.50","18.60","19.30"
"Edgar","Edgar High","18.00","16.70","17.70","17.60","19.30"
"Greenfield","Greenfield High","18.00","16.40","17.60","18.80","18.60"
"Madison Metropolitan","LaFollette High","18.00","16.40","17.90","19.00","18.30"
"Janesville","Rock University High","18.00","15.40","17.40","17.70","20.60"
"Winter","Winter High","18.00","18.30","17.00","18.10","18.30"
"River Ridge","River Ridge High","18.00","15.50","18.40","18.10","19.60"
"Westby Area","Westby High","18.00","16.90","18.10","18.00","18.70"
"Denmark","Denmark High","18.00","16.10","18.30","18.30","18.80"
"Beaver Dam Unified","Beaver Dam High","18.00","16.40","18.00","18.10","18.80"
"Fall River","Fall River High","18.00","17.30","18.00","17.80","18.30"
"Lena","Lena High","17.90","17.70","17.50","18.40","17.70"
"Webster","Webster High","17.90","16.80","17.50","18.50","18.60"
"Niagara","Niagara High","17.90","16.40","18.00","17.70","19.20"
"Waupun","Waupun Area Senior High","17.90","16.90","18.30","18.10","18.00"
"Antigo Unified","Antigo High","17.90","16.10","17.80","18.10","19.20"
"Little Chute Area","Little Chute High","17.90","17.60","17.80","17.50","18.50"
"Granton Area","Granton High","17.90","16.30","17.00","20.20","16.90"
"Black River Falls","Black River Falls High","17.90","16.40","17.70","18.40","18.50"
"Gilman","eSucceed Charter School","17.90","16.80","16.60","20.90","16.80"
"Shawano","Shawano High","17.90","16.80","18.00","17.80","18.40"
"Riverdale","Riverdale High","17.90","16.20","18.00","18.00","18.80"
"Gillett","Gillett High","17.80","16.50","17.70","17.60","19.10"
"Iowa-Grant","Iowa-Grant High","17.80","16.70","17.70","17.80","18.60"
"Medford Area Public","Medford High","17.80","16.20","18.40","17.50","18.80"
"Elmwood","Elmwood High","17.80","15.80","17.70","18.90","18.20"
"Gilmanton","Gilmanton High","17.80","15.50","19.20","17.70","18.00"
"Whitehall","Whitehall Memorial Junior/Senior High","17.80","16.30","17.90","17.60","18.50"
"McFarland","Destinations Career Academy of Wisconsin High","17.80","16.60","16.70","18.80","18.10"
"Eleva-Strum","Eleva-Strum High","17.80","16.20","18.50","17.60","18.50"
"La Crosse","Logan High","17.80","16.00","17.50","18.60","18.50"
"Albany","Albany High","17.80","16.40","18.40","18.60","17.10"
"Mellen","Mellen Public School","17.80","16.20","17.10","19.10","17.80"
"Sparta Area","Sparta High","17.80","16.30","17.40","18.10","18.80"
"Clinton Community","Clinton High","17.70","17.20","16.90","17.80","18.60"
"Princeton","Princeton School","17.70","16.60","17.40","18.20","18.00"
"Thorp","Thorp High","17.70","16.10","17.20","18.30","18.90"
"Appleton Area","East High","17.70","15.90","18.10","17.90","18.50"
"Omro","Omro High","17.70","17.00","17.30","17.80","18.20"
"Racine Unified","Case High","17.70","16.60","16.80","18.20","18.60"
"Medford Area Public","Rural Virtual Academy","17.70","17.00","16.70","18.80","17.90"
"Boyceville Community","Boyceville High","17.70","16.30","17.70","17.90","18.30"
"Appleton Area","Wisconsin Connections Academy","17.70","16.30","17.40","18.60","17.70"
"Palmyra-Eagle Area","Palmyra-Eagle High","17.70","16.60","18.10","17.80","17.80"
"Manawa","Little Wolf High","17.60","15.90","18.50","17.70","17.90"
"Wonewoc-Union Center","Wonewoc-Center High","17.60","16.30","17.40","17.60","18.40"
"Algoma","Algoma High","17.60","16.00","18.30","17.10","18.50"
"Boscobel Area","Boscobel High","17.60","16.70","17.80","17.50","18.10"
"Green Bay Area Public","Southwest High","17.60","15.90","17.80","18.20","18.00"
"Tomah Area","Tomah High","17.60","16.00","17.20","18.30","18.30"
"Wautoma Area","Wautoma High","17.60","16.90","17.40","18.30","18.10"
"Bowler","Bowler High","17.60","17.00","16.90","18.50","17.40"
"De Soto Area","De Soto High","17.60","16.80","17.70","17.00","18.50"
"Horicon","Horicon High School","17.60","16.30","17.80","17.50","18.30"
"Ashland","Ashland High","17.50","15.90","16.90","18.90","18.10"
"Chequamegon","Chequamegon High","17.50","16.70","17.80","17.80","17.60"
"Waukesha","South High","17.50","16.30","17.40","17.70","18.30"
"Sheboygan Area","South High","17.50","16.10","17.60","18.10","17.80"
"Two Rivers Public","Two Rivers High","17.50","16.00","17.50","17.90","18.30"
"Milwaukee","Milwaukee School of Languages","17.50","16.90","16.20","18.90","17.60"
"Blair-Taylor","Blair-Taylor Middle/High","17.50","16.60","17.40","17.30","18.10"
"Augusta","Augusta High","17.50","14.10","15.20","15.50","16.80"
"Beecher-Dunbar-Pembine","Pembine High","17.50","16.00","16.20","18.10","18.90"
"Janesville","Parker High","17.50","16.30","17.40","17.90","17.90"
"Green Bay Area Public","Preble High","17.50","15.30","18.10","17.90","18.00"
"Wausaukee","Wausaukee High","17.50","15.80","18.10","17.60","17.60"
"Norwalk-Ontario-Wilton","Brookwood High","17.40","15.70","16.60","18.20","18.20"
"Elkhorn Area","Elkhorn Options Virtual School","17.40","17.40","16.60","17.80","17.40"
"Kenosha","Tremper High","17.40","16.70","17.30","17.70","17.60"
"Almond-Bancroft","Almond-Bancroft High","17.40","16.00","17.80","17.00","17.90"
"Berlin Area","Berlin High","17.40","16.00","17.70","17.20","18.00"
"Neillsville","Neillsville High","17.40","14.80","17.80","18.00","18.10"
"Saint Croix Central","Saint Croix Virtual Academy Inc","17.40","15.30","16.80","18.90","18.20"
"Benton","Benton High","17.40","15.60","17.50","17.70","17.60"
"Osseo-Fairchild","Osseo-Fairchild High","17.30","15.80","17.70","18.10","17.10"
"Mauston","Mauston High","17.30","15.50","17.80","17.20","18.10"
"Birchwood","Birchwood High","17.30","16.60","16.60","16.90","18.10"
"Brodhead","Brodhead High","17.30","15.50","17.90","17.10","18.20"
"Colby","Colby High","17.30","15.60","17.50","17.10","18.30"
"West Allis-West Milwaukee","Nathan Hale High","17.30","16.30","17.20","17.50","17.60"
"Plum City","Plum City High","17.30","14.40","18.00","17.10","19.10"
"Shell Lake","Shell Lake Junior/Senior High","17.30","16.30","17.70","16.70","18.10"
"Ladysmith","Ladysmith High","17.30","16.10","17.40","16.80","18.30"
"Bayfield","Bayfield High","17.30","15.10","16.10","18.40","18.60"
"Janesville","ARISE Virtual Academy","17.20","16.00","17.00","17.70","17.60"
"New Auburn","New Auburn High","17.20","15.30","17.90","16.90","18.00"
"Brown Deer","Brown Deer Middle/High","17.20","16.00","17.40","17.40","17.60"
"Clayton","Clayton High","17.20","15.80","18.10","16.50","17.90"
"Milwaukee","Carmen High School of Science and Technology South Campus","17.20","16.50","17.20","16.70","17.90"
"Delavan-Darien","Delavan-Darien High","17.10","15.90","17.40","17.60","17.40"
"Frederic","Frederic 6-12 School","17.10","15.50","16.10","18.00","17.80"
"Seeds of Health Inc","Tenor High","17.00","16.60","16.90","16.90","17.20"
"Necedah Area","Necedah High","17.00","16.50","17.00","16.50","17.90"
"Pittsville","Pittsville High","17.00","16.50","18.00","18.00","19.30"
"Port Edwards","John Edwards High","17.00","16.70","16.90","17.30","16.30"
"Gilman","Gilman High","17.00","15.30","17.10","16.10","19.00"
"Stanley-Boyd Area","Stanley-Boyd High","16.90","15.30","17.80","16.40","17.70"
"White Lake","White Lake High","16.90","15.60","15.70","16.60","19.50"
"Lake Holcombe","Holcombe High","16.90","16.10","17.00","16.50","17.20"
"Crandon","Crandon High","16.90","15.10","17.00","16.80","18.10"
"Marinette","Marinette High","16.90","14.90","17.20","17.30","17.50"
"Cudahy","Cudahy High","16.90","16.10","16.30","16.90","17.60"
"Suring Public","Suring High","16.90","15.00","17.60","16.50","18.00"
"Pathways High","Pathways High","16.80","16.20","15.90","17.40","17.30"
"Seeds of Health Inc","Veritas High","16.80","15.70","16.80","17.30","16.60"
"La Farge","La Farge High","16.80","15.30","16.10","17.10","17.80"
"McFarland","Wisconsin Virtual Academy High (WIVA)","16.80","15.40","16.50","17.50","17.20"
"Grantsburg","iForward","16.70","15.40","16.30","17.50","17.20"
"Menasha Joint","Menasha High","16.70","14.90","17.30","16.70","17.60"
"Marshall","Marshall High","16.70","14.70","16.90","16.70","18.30"
"Royall","Royall High","16.70","15.50","16.80","16.80","17.30"
"Wisconsin Rapids","River Cities High","16.70","16.60","14.90","17.10","17.50"
"Montello","Montello Junior/Senior High","16.70","15.20","16.80","17.30","17.20"
"Saint Francis","Saint Francis High","16.70","14.90","16.70","17.00","17.70"
"Auburndale","Auburndale High","16.70","15.20","16.70","16.40","18.00"
"Hillsboro","Hillsboro High","16.70","15.50","16.30","17.30","17.20"
"Flambeau","Flambeau High","16.70","15.10","17.10","16.50","17.50"
"North Crawford","North Crawford High","16.60","15.30","17.30","16.30","17.20"
"Kenosha","Bradford High","16.60","15.40","16.70","16.80","17.20"
"North Fond du Lac","Horace Mann High","16.60","14.70","16.90","17.10","17.20"
"Wauwatosa","Wauwatosa Virtual Academy","16.40","15.50","15.70","16.70","17.60"
"Laona","Laona High","16.40","15.10","16.20","16.90","16.80"
"Adams-Friendship Area","Adams-Friendship High","16.40","15.40","16.60","16.40","16.70"
"Siren","Siren High","16.40","15.10","17.30","16.00","16.60"
"Racine Unified","Horlick High","16.40","15.10","15.90","16.80","17.10"
"New Lisbon","New Lisbon Junior High/High","16.40","15.00","16.40","16.40","17.20"
"Tri-County Area","Tri-County High","16.40","14.60","16.90","16.60","16.90"
"Bruce","Bruce High","16.20","14.70","17.30","15.70","16.30"
"Milwaukee","Riverside High","16.20","14.80","15.80","16.40","17.00"
"Dodgeland","Dodgeland High","16.20","15.10","16.50","16.10","16.40"
"Gresham","Gresham High","16.10","14.50","16.70","16.40","16.60"
"Arcadia","Arcadia High","16.10","14.50","16.00","16.10","17.10"
"Green Bay Area Public","East High","16.10","13.90","16.70","16.70","16.70"
"Phelps","Phelps High","16.00","15.30","15.70","15.20","17.80"
"Milwaukee","Milwaukee High School of the Arts","15.90","14.90","15.10","16.50","16.60"
"Stockbridge","Stockbridge High","15.90","14.60","15.90","14.80","16.90"
"West Allis-West Milwaukee","Central High","15.90","14.50","16.00","16.40","16.10"
"Independence","Independence High","15.90","14.80","16.00","15.90","16.40"
"River Falls","Renaissance Charter Academy","15.80","13.50","15.80","16.50","17.10"
"Barron Area","Advanced Learning Academy of Wisconsin","15.70","13.40","16.60","16.90","16.00"
"Weston","Weston Sr High School","15.70","13.90","15.80","15.90","16.70"
"Beloit","Memorial High","15.60","13.60","16.00","16.30","16.10"
"Green Bay Area Public","West High","15.60","13.70","15.90","15.90","16.40"
"Janesville","TAGOS Leadership Academy-Tailoring Academics to Guide our Students","15.50","14.10","15.30","15.70","16.10"
"Escuela Verde","Escuela Verde","15.50","13.70","16.10","16.60","14.90"
"Milwaukee","Audubon Technology and Communication High","15.40","14.10","15.20","15.50","16.80"
"West De Pere","Phantom Knight School of Opportunity","15.40","13.90","15.60","17.10","14.50"
"Owen-Withee","Owen-Withee High","15.30","13.60","16.90","14.10","16.10"
"Wausau","Enrich Excel Achieve Learning Academy","15.10","13.70","15.90","15.40","15.50"
"Sun Prairie Area","Prairie Phoenix Academy","15.10","13.20","15.00","15.10","16.20"
"Milwaukee","Obama School of Career and Technical Education","15.00","14.30","14.80","15.60","15.40"
"Milwaukee Academy of Science","Milwaukee Academy of Science","15.00","14.00","15.10","14.40","15.80"
"Appleton Area","Appleton Technical Academy","14.90","14.00","15.00","15.10","15.30"
"Milwaukee","Carmen High School of Science and Technology Southeast Campus","14.90","14.10","15.20","14.60","15.30"
"Cumberland","Island City Virtual Academy","14.80","13.80","15.50","13.00","15.80"
"McFarland","Insight School of Wisconsin High","14.80","12.80","14.80","14.80","15.60"
"Milwaukee","Carmen Middle/High School of Science and Technology Northwest Campus","14.80","13.90","15.20","14.30","15.50"
"Racine Unified","Park High","14.70","13.40","14.40","15.00","15.50"
"Racine Unified","Racine Alternative Learning","14.70","13.10","14.80","14.90","15.60"
"Montello","Montello Virtual Charter School","14.50","12.80","15.20","14.90","14.80"
"Mauston","iLEAD Individualized Leadership and Entrepreneurship Academic Discovery","14.40","12.10","14.70","15.40","14.90"
"West Allis-West Milwaukee","James E Dottke Alternative School","14.40","13.00","14.80","14.80","14.30"
"Milwaukee","Hamilton High","14.30","12.90","14.80","14.30","14.90"
"Milwaukee","Bradley Technology High","14.20","13.10","14.30","14.10","15.00"
"Menominee Indian","Menominee Indian High","14.20","12.90","14.00","14.20","15.30"
"Elkhorn Area","Career and College Academy","14.10","11.90","15.00","14.20","14.90"
"Milwaukee","Bay View High","14.10","12.40","14.30","14.60","14.60"
"Milwaukee","South Division High","14.10","12.30","14.60","14.40","15.00"
"Waukesha","Waukesha East Alternative School","14.10","12.70","13.10","15.40","14.90"
"Chequamegon","Class ACT Charter","14.00","12.70","14.40","13.20","15.60"
"Milwaukee","Grandview High","14.00","12.60","14.30","14.10","14.80"
"New London","Catalyst Academy","13.90","12.20","15.80","13.40","14.40"
"Milwaukee","Vincent High","13.90","12.50","13.60","14.60","14.50"
"Milwaukee","MacDowell Montessori School K3-12","13.90","12.70","14.30","14.00","14.20"
"Madison Metropolitan","Capital High","13.80","12.40","13.00","15.00","14.30"
"Janesville","Rock River Charter School","13.80","11.60","14.90","13.90","14.30"
"Milwaukee","Pulaski High","13.80","11.70","14.30","14.10","14.60"
"Mercer","Mercer School","13.70","11.90","14.40","13.50","14.30"
"Milwaukee","Lad Lake Synergy School","13.70","11.70","14.20","14.30","13.30"
"Eau Claire Area","McKinley Charter School","13.70","11.70","15.70","12.50","13.80"
"Sparta Area","Sparta Alternative Independent Learning School","13.70","14.30","13.80","11.70","14.50"
"Milwaukee","James Madison Academic Campus","13.60","12.00","13.90","13.60","14.30"
"Viroqua Area","Vernon County Area Better Futures High","13.60","11.70","15.00","12.90","14.90"
"Milwaukee","North Division High","13.60","12.50","13.10","14.00","14.50"
"Sheboygan Area","Central High","13.50","11.60","14.60","13.90","13.50"
"Stevens Point Area Public","Charles F Fernandez Center Alt Learning","13.50","11.90","14.50","14.10","13.30"
"Manitowoc","McKinley Academy","13.30","12.30","13.70","13.30","13.10"
"Kenosha","Reuther Central High","13.20","10.90","14.20","13.70","13.40"
"Beloit","Beloit Learning Academy","13.20","11.80","13.70","13.20","13.40"
"Milwaukee","Marshall High","13.10","11.40","13.20","13.30","14.00"
"Milwaukee","Banner Preparatory School of Milwaukee","13.00","13.70","13.00","13.30","11.70"
"Dr Howard Fuller Collegiate Academy","Dr Howard Fuller Collegiate Academy","12.80","10.80","14.10","12.40","13.50"
"Milwaukee","Wisconsin Conservatory of Lifelong Learning","12.70","11.20","12.30","12.80","13.90"
"Milwaukee","ASSATA High","12.60","9.60","12.90","13.30","14.50"
"Milwaukee","WHS Information Technology","12.60","10.70","12.90","12.90","13.60"
"Kenosha","Hillcrest School","12.50","10.00","13.70","12.90","13.40"